<?xml version="1.0" encoding="UTF-8"?>
<!-- generated on 2021-04-11 12:24:40.362336 by $Id$ v1_8_0+0044-4820708f3d
  options: -n sjc.net.xml -r sjc.rou.xml -e 300 -l
-->
<routes xmlns:xsi="http://www.w3.org/2001/XMLSchema-instance" xsi:noNamespaceSchemaLocation="http://sumo.dlr.de/xsd/routes_file.xsd">
    <trip id="0" depart="0.00" from="117492067" to="-116849238#2"/>
    <trip id="1" depart="1.00" from="-127398804" to="-127531855"/>
    <trip id="2" depart="2.00" from="127531855" to="127398796#1"/>
    <trip id="3" depart="3.00" from="333288676#6" to="-116849250#6"/>
    <trip id="4" depart="4.00" from="116849237#5" to="-116849238#2"/>
    <trip id="5" depart="5.00" from="-127398796#0" to="116849248#1"/>
    <trip id="6" depart="6.00" from="-116849238#2" to="-127531851"/>
    <trip id="7" depart="7.00" from="127398796#1" to="116883214"/>
    <trip id="8" depart="8.00" from="-127398796#1" to="116883221#4"/>
    <trip id="9" depart="9.00" from="219727735#3" to="-116849237#2"/>
    <trip id="10" depart="10.00" from="219727735#2" to="127398798"/>
    <trip id="11" depart="11.00" from="-333288209#0" to="-117144732#0"/>
    <trip id="12" depart="12.00" from="838181543#0" to="-838181543#0"/>
    <trip id="13" depart="13.00" from="-116861010#2" to="-116861036"/>
    <trip id="14" depart="14.00" from="326394894#2" to="117144732#2"/>
    <trip id="15" depart="15.00" from="219727735#3" to="127398803"/>
    <trip id="16" depart="16.00" from="116849250#2" to="827651363#1"/>
    <trip id="17" depart="17.00" from="-838181543#1" to="116883215#0"/>
    <trip id="18" depart="18.00" from="316316852#0" to="118664922#1"/>
    <trip id="19" depart="19.00" from="333288210#1" to="116883221#0"/>
    <trip id="20" depart="20.00" from="127531854" to="-116849245#0"/>
    <trip id="21" depart="21.00" from="-127398796#3" to="-219727846#6"/>
    <trip id="22" depart="22.00" from="-116849250#3" to="-127531855"/>
    <trip id="23" depart="23.00" from="-116861024#0" to="-219727735#2"/>
    <trip id="24" depart="24.00" from="117492067" to="116849234#0"/>
    <trip id="25" depart="25.00" from="-827633788#8" to="-127531851"/>
    <trip id="26" depart="26.00" from="-127398803" to="333288678#1"/>
    <trip id="27" depart="27.00" from="127398796#0" to="117492067"/>
    <trip id="28" depart="28.00" from="-118664922#1" to="127398803"/>
    <trip id="29" depart="29.00" from="-118664922#1" to="116849234#2"/>
    <trip id="30" depart="30.00" from="95038716" to="127390424#1"/>
    <trip id="31" depart="31.00" from="116861036" to="127398796#3"/>
    <trip id="32" depart="32.00" from="326394894#0" to="127531848"/>
    <trip id="33" depart="33.00" from="-127398796#3" to="-116849238#3"/>
    <trip id="34" depart="34.00" from="-219727846#0" to="-219727735#1"/>
    <trip id="35" depart="35.00" from="-127390424#1" to="333288678#1"/>
    <trip id="36" depart="36.00" from="333288210#8" to="-326394894#0"/>
    <trip id="37" depart="37.00" from="127398796#2" to="116849237#3"/>
    <trip id="38" depart="38.00" from="333289974#0" to="116849245#0"/>
    <trip id="39" depart="39.00" from="-127398802" to="-127531857"/>
    <trip id="40" depart="40.00" from="116861036" to="-219727735#1"/>
    <trip id="41" depart="41.00" from="116883217#1" to="333288676#10"/>
    <trip id="42" depart="42.00" from="116849234#1" to="-127531855"/>
    <trip id="43" depart="43.00" from="95038716" to="116849248#1"/>
    <trip id="44" depart="44.00" from="-116861010#2" to="-116849245#0"/>
    <trip id="45" depart="45.00" from="-116883214" to="118664922#1"/>
    <trip id="46" depart="46.00" from="219727735#1" to="116849238#3"/>
    <trip id="47" depart="47.00" from="-116849248#0" to="116849234#2"/>
    <trip id="48" depart="48.00" from="95038716" to="116861010#2"/>
    <trip id="49" depart="49.00" from="883737129" to="333288212#1"/>
    <trip id="50" depart="50.00" from="-116849237#5" to="127398802"/>
    <trip id="51" depart="51.00" from="127531851" to="116861024#0"/>
    <trip id="52" depart="52.00" from="-127398803" to="127390424#1"/>
    <trip id="53" depart="53.00" from="-116883214" to="116849240#0"/>
    <trip id="54" depart="54.00" from="116849240#0" to="827633788#2"/>
    <trip id="55" depart="55.00" from="333288210#7" to="-219727735#1"/>
    <trip id="56" depart="56.00" from="116849247#1" to="-127398796#1"/>
    <trip id="57" depart="57.00" from="333289974#0" to="333288212#1"/>
    <trip id="58" depart="58.00" from="-219727735#1" to="127390424#0"/>
    <trip id="59" depart="59.00" from="116883221#2" to="-117144732#0"/>
    <trip id="60" depart="60.00" from="128439374" to="116861024#0"/>
    <trip id="61" depart="61.00" from="128439374" to="116861010#2"/>
    <trip id="62" depart="62.00" from="-116849237#0" to="-827633788#2"/>
    <trip id="63" depart="63.00" from="-116849238#1" to="333288678#1"/>
    <trip id="64" depart="64.00" from="333288212#0" to="333288209#0"/>
    <trip id="65" depart="65.00" from="-219727735#2" to="-116849248#0"/>
    <trip id="66" depart="66.00" from="333288212#0" to="333289974#2"/>
    <trip id="67" depart="67.00" from="-116849250#6" to="116849247#2"/>
    <trip id="68" depart="68.00" from="-116849248#1" to="127531848"/>
    <trip id="69" depart="69.00" from="128439374" to="-116883217#1"/>
    <trip id="70" depart="70.00" from="116849245#0" to="116883214"/>
    <trip id="71" depart="71.00" from="-127398802" to="333288212#1"/>
    <trip id="72" depart="72.00" from="116849237#6" to="-127531851"/>
    <trip id="73" depart="73.00" from="116849250#4" to="127398803"/>
    <trip id="74" depart="74.00" from="-127390424#1" to="-326394894#0"/>
    <trip id="75" depart="75.00" from="95038716" to="127390424#1"/>
    <trip id="76" depart="76.00" from="116849238#2" to="116849250#3"/>
    <trip id="77" depart="77.00" from="-116883217#1" to="-127531855"/>
    <trip id="78" depart="78.00" from="-316316852#1" to="116883221#3"/>
    <trip id="79" depart="79.00" from="-127398796#3" to="-127531855"/>
    <trip id="80" depart="80.00" from="-116849248#1" to="118664922#1"/>
    <trip id="81" depart="81.00" from="-127398796#3" to="333288676#5"/>
    <trip id="82" depart="82.00" from="333288210#1" to="-116849248#1"/>
    <trip id="83" depart="83.00" from="-127398798" to="127398796#0"/>
    <trip id="84" depart="84.00" from="-127398796#0" to="-116883221#0"/>
    <trip id="85" depart="85.00" from="827633787#1" to="116883220"/>
    <trip id="86" depart="86.00" from="116849240#2" to="219727735#1"/>
    <trip id="87" depart="87.00" from="219727735#3" to="-127398796#3"/>
    <trip id="88" depart="88.00" from="-116861024#0" to="116849240#0"/>
    <trip id="89" depart="89.00" from="116849237#6" to="116849245#1"/>
    <trip id="90" depart="90.00" from="127531855" to="127398796#0"/>
    <trip id="91" depart="91.00" from="95038716" to="-116861036"/>
    <trip id="92" depart="92.00" from="116849234#2" to="-838181543#1"/>
    <trip id="93" depart="93.00" from="333288210#1" to="-127531857"/>
    <trip id="94" depart="94.00" from="-127390424#1" to="116849240#2"/>
    <trip id="95" depart="95.00" from="116849237#5" to="-219727735#3"/>
    <trip id="96" depart="96.00" from="-127398800" to="333288678#1"/>
    <trip id="97" depart="97.00" from="116849238#3" to="333288212#1"/>
    <trip id="98" depart="98.00" from="116861024#0" to="-116849245#1"/>
    <trip id="99" depart="99.00" from="95038716" to="333288210#0"/>
    <trip id="100" depart="100.00" from="883737129" to="333288678#1"/>
    <trip id="101" depart="101.00" from="326531087" to="-117492067"/>
    <trip id="102" depart="102.00" from="116849245#1" to="-127531851"/>
    <trip id="103" depart="103.00" from="116849234#2" to="-116849248#0"/>
    <trip id="104" depart="104.00" from="-883737128" to="883737129"/>
    <trip id="105" depart="105.00" from="-127398802" to="219727735#1"/>
    <trip id="106" depart="106.00" from="116849240#0" to="116849238#3"/>
    <trip id="107" depart="107.00" from="838181543#0" to="883737130"/>
    <trip id="108" depart="108.00" from="116861036" to="127398802"/>
    <trip id="109" depart="109.00" from="-118664922#0" to="-316316852#0"/>
    <trip id="110" depart="110.00" from="883737129" to="116883221#0"/>
    <trip id="111" depart="111.00" from="116849250#5" to="127398806"/>
    <trip id="112" depart="112.00" from="-116849248#0" to="116883221#2"/>
    <trip id="113" depart="113.00" from="116849247#1" to="333288210#6"/>
    <trip id="114" depart="114.00" from="-118664922#1" to="827633788#8"/>
    <trip id="115" depart="115.00" from="-116849250#3" to="-127398796#3"/>
    <trip id="116" depart="116.00" from="116883220" to="127398796#1"/>
    <trip id="117" depart="117.00" from="-127398798" to="-116883215#1"/>
    <trip id="118" depart="118.00" from="333288676#5" to="-127531857"/>
    <trip id="119" depart="119.00" from="116883220" to="118664922#1"/>
    <trip id="120" depart="120.00" from="116849237#4" to="116883221#2"/>
    <trip id="121" depart="121.00" from="116849248#1" to="333288678#1"/>
    <trip id="122" depart="122.00" from="-127390424#1" to="127398802"/>
    <trip id="123" depart="123.00" from="-127398798" to="116849237#3"/>
    <trip id="124" depart="124.00" from="127531851" to="-326394894#0"/>
    <trip id="125" depart="125.00" from="-219727846#0" to="127398806"/>
    <trip id="126" depart="126.00" from="-116849250#0" to="116849245#0"/>
    <trip id="127" depart="127.00" from="95038716" to="883737130"/>
    <trip id="128" depart="128.00" from="-116849250#0" to="-127531851"/>
    <trip id="129" depart="129.00" from="-127398802" to="333288678#1"/>
    <trip id="130" depart="130.00" from="333288676#0" to="333288675"/>
    <trip id="131" depart="131.00" from="-827633788#8" to="-117144732#0"/>
    <trip id="132" depart="132.00" from="326394894#0" to="127398800"/>
    <trip id="133" depart="133.00" from="116883221#3" to="883737129"/>
    <trip id="134" depart="134.00" from="127398796#2" to="-116849237#3"/>
    <trip id="135" depart="135.00" from="219727846#3" to="-316316852#1"/>
    <trip id="136" depart="136.00" from="127398796#3" to="333288678#1"/>
    <trip id="137" depart="137.00" from="-116883221#0" to="-116883214"/>
    <trip id="138" depart="138.00" from="-116883214" to="116883215#0"/>
    <trip id="139" depart="139.00" from="-127398803" to="117492067"/>
    <trip id="140" depart="140.00" from="127531855" to="-127531851"/>
    <trip id="141" depart="141.00" from="117492067" to="-219727735#1"/>
    <trip id="142" depart="142.00" from="116849245#1" to="333288676#5"/>
    <trip id="143" depart="143.00" from="326394894#0" to="-116861024#0"/>
    <trip id="144" depart="144.00" from="116849237#6" to="-219727735#2"/>
    <trip id="145" depart="145.00" from="-116849237#1" to="127531848"/>
    <trip id="146" depart="146.00" from="117492067" to="-219727735#0"/>
    <trip id="147" depart="147.00" from="127531857" to="116883214"/>
    <trip id="148" depart="148.00" from="116849238#1" to="-116849237#4"/>
    <trip id="149" depart="149.00" from="-116849250#1" to="333288675"/>
    <trip id="150" depart="150.00" from="333289974#0" to="116883214"/>
    <trip id="151" depart="151.00" from="326394894#0" to="116883221#2"/>
    <trip id="152" depart="152.00" from="-117144732#2" to="-116883217#1"/>
    <trip id="153" depart="153.00" from="-219727735#2" to="333288676#12"/>
    <trip id="154" depart="154.00" from="219727735#1" to="333288212#1"/>
    <trip id="155" depart="155.00" from="333288676#9" to="-127531851"/>
    <trip id="156" depart="156.00" from="-127398800" to="-116861036"/>
    <trip id="157" depart="157.00" from="128439374" to="333288675"/>
    <trip id="158" depart="158.00" from="116849234#2" to="118664922#1"/>
    <trip id="159" depart="159.00" from="-118664922#0" to="333288678#1"/>
    <trip id="160" depart="160.00" from="333288210#2" to="838181543#1"/>
    <trip id="161" depart="161.00" from="219727845" to="333288675"/>
    <trip id="162" depart="162.00" from="-116849238#2" to="127398804"/>
    <trip id="163" depart="163.00" from="-220724305" to="333288678#1"/>
    <trip id="164" depart="164.00" from="219727735#2" to="333288212#1"/>
    <trip id="165" depart="165.00" from="219727845" to="-219727735#1"/>
    <trip id="166" depart="166.00" from="219727735#0" to="-116861036"/>
    <trip id="167" depart="167.00" from="333288210#5" to="333288212#0"/>
    <trip id="168" depart="168.00" from="-127398796#2" to="219727846#8"/>
    <trip id="169" depart="169.00" from="116849240#1" to="-326394894#0"/>
    <trip id="170" depart="170.00" from="219727735#1" to="-127531855"/>
    <trip id="171" depart="171.00" from="-116849238#2" to="-127531851"/>
    <trip id="172" depart="172.00" from="-219727846#8" to="333288212#1"/>
    <trip id="173" depart="173.00" from="883737128" to="-219727735#3"/>
    <trip id="174" depart="174.00" from="127390424#0" to="116849237#5"/>
    <trip id="175" depart="175.00" from="883737130" to="116861024#0"/>
    <trip id="176" depart="176.00" from="827633788#2" to="-116883214"/>
    <trip id="177" depart="177.00" from="883737129" to="-127398796#1"/>
    <trip id="178" depart="178.00" from="883737128" to="-219727735#1"/>
    <trip id="179" depart="179.00" from="-116883214" to="116849240#0"/>
    <trip id="180" depart="180.00" from="127531855" to="-326394894#0"/>
    <trip id="181" depart="181.00" from="116883221#2" to="116849250#0"/>
    <trip id="182" depart="182.00" from="116849234#0" to="116883221#0"/>
    <trip id="183" depart="183.00" from="-127398801" to="127398801"/>
    <trip id="184" depart="184.00" from="-116849237#0" to="333288678#1"/>
    <trip id="185" depart="185.00" from="116849250#3" to="127398802"/>
    <trip id="186" depart="186.00" from="127531857" to="127398796#0"/>
    <trip id="187" depart="187.00" from="-827633788#3" to="-116849248#1"/>
    <trip id="188" depart="188.00" from="127398796#3" to="-827633788#8"/>
    <trip id="189" depart="189.00" from="-219727735#3" to="333288210#3"/>
    <trip id="190" depart="190.00" from="127531855" to="-326394894#0"/>
    <trip id="191" depart="191.00" from="-219727735#2" to="116849238#1"/>
    <trip id="192" depart="192.00" from="116849234#2" to="-316316852#0"/>
    <trip id="193" depart="193.00" from="-116883221#0" to="116849238#3"/>
    <trip id="194" depart="194.00" from="827633788#3" to="127398796#1"/>
    <trip id="195" depart="195.00" from="333289974#0" to="118664922#1"/>
    <trip id="196" depart="196.00" from="-219727735#1" to="116883214"/>
    <trip id="197" depart="197.00" from="-116849237#0" to="-219727846#3"/>
    <trip id="198" depart="198.00" from="116849238#1" to="116883221#0"/>
    <trip id="199" depart="199.00" from="127398796#2" to="116849245#1"/>
    <trip id="200" depart="200.00" from="116849238#3" to="-127531851"/>
    <trip id="201" depart="201.00" from="116849240#2" to="333288676#2"/>
    <trip id="202" depart="202.00" from="219727735#1" to="-127398796#0"/>
    <trip id="203" depart="203.00" from="-116849250#5" to="116849250#2"/>
    <trip id="204" depart="204.00" from="117144732#2" to="-827633788#9"/>
    <trip id="205" depart="205.00" from="219727846#5" to="127398806"/>
    <trip id="206" depart="206.00" from="127531851" to="-127531855"/>
    <trip id="207" depart="207.00" from="-127390424#1" to="-116849238#2"/>
    <trip id="208" depart="208.00" from="-127398800" to="116849247#0"/>
    <trip id="209" depart="209.00" from="330740969" to="-116849250#0"/>
    <trip id="210" depart="210.00" from="116849237#2" to="118664922#1"/>
    <trip id="211" depart="211.00" from="-127390424#1" to="127398798"/>
    <trip id="212" depart="212.00" from="116849247#0" to="-127531857"/>
    <trip id="213" depart="213.00" from="127398796#2" to="-116849237#2"/>
    <trip id="214" depart="214.00" from="127531857" to="127531848"/>
    <trip id="215" depart="215.00" from="-116883214" to="116849238#3"/>
    <trip id="216" depart="216.00" from="-118664922#1" to="827633788#4"/>
    <trip id="217" depart="217.00" from="116849248#0" to="-116849245#1"/>
    <trip id="218" depart="218.00" from="-127398800" to="333288210#4"/>
    <trip id="219" depart="219.00" from="116849240#0" to="219727735#3"/>
    <trip id="220" depart="220.00" from="127531851" to="883737129"/>
    <trip id="221" depart="221.00" from="116883220" to="827633354"/>
    <trip id="222" depart="222.00" from="333288676#5" to="118664922#1"/>
    <trip id="223" depart="223.00" from="127531855" to="116849248#1"/>
    <trip id="224" depart="224.00" from="316316852#1" to="116883214"/>
    <trip id="225" depart="225.00" from="333288676#8" to="127398805"/>
    <trip id="226" depart="226.00" from="116849245#0" to="-219727735#0"/>
    <trip id="227" depart="227.00" from="-127398800" to="118664922#1"/>
    <trip id="228" depart="228.00" from="128439374" to="116849250#5"/>
    <trip id="229" depart="229.00" from="117144732#0" to="-219727735#2"/>
    <trip id="230" depart="230.00" from="-116849250#2" to="-219727846#3"/>
    <trip id="231" depart="231.00" from="-127398803" to="-333288209#0"/>
    <trip id="232" depart="232.00" from="116849250#4" to="-116883221#0"/>
    <trip id="233" depart="233.00" from="-127398796#3" to="127398798"/>
    <trip id="234" depart="234.00" from="127531854" to="-116849248#0"/>
    <trip id="235" depart="235.00" from="116849234#2" to="116861024#1"/>
    <trip id="236" depart="236.00" from="116849237#3" to="-127531851"/>
    <trip id="237" depart="237.00" from="116849237#5" to="333288676#5"/>
    <trip id="238" depart="238.00" from="116883217#1" to="127398798"/>
    <trip id="239" depart="239.00" from="333288210#0" to="127531848"/>
    <trip id="240" depart="240.00" from="-883737128" to="-116849237#2"/>
    <trip id="241" depart="241.00" from="-333288675" to="127398806"/>
    <trip id="242" depart="242.00" from="333288209#1" to="827633788#1"/>
    <trip id="243" depart="243.00" from="116849237#4" to="127398806"/>
    <trip id="244" depart="244.00" from="116861010#1" to="117144732#2"/>
    <trip id="245" depart="245.00" from="-127398796#1" to="-127531855"/>
    <trip id="246" depart="246.00" from="116849238#2" to="-116849238#2"/>
    <trip id="247" depart="247.00" from="-220724305" to="127398796#2"/>
    <trip id="248" depart="248.00" from="116849234#2" to="-117492067"/>
    <trip id="249" depart="249.00" from="116849240#2" to="-116883217#1"/>
    <trip id="250" depart="250.00" from="116883222" to="-116849238#2"/>
    <trip id="251" depart="251.00" from="116849234#1" to="116883217#2"/>
    <trip id="252" depart="252.00" from="-116849238#2" to="127390424#1"/>
    <trip id="253" depart="253.00" from="-116883221#2" to="116849245#1"/>
    <trip id="254" depart="254.00" from="-116849245#1" to="116849234#2"/>
    <trip id="255" depart="255.00" from="-127390424#1" to="-827633788#4"/>
    <trip id="256" depart="256.00" from="128439374" to="116849234#2"/>
    <trip id="257" depart="257.00" from="127531857" to="333288209#0"/>
    <trip id="258" depart="258.00" from="-127398801" to="-116849250#4"/>
    <trip id="259" depart="259.00" from="-116849238#1" to="116861024#0"/>
    <trip id="260" depart="260.00" from="95038716" to="-95038716"/>
    <trip id="261" depart="261.00" from="127398796#1" to="127531848"/>
    <trip id="262" depart="262.00" from="127398796#1" to="127531848"/>
    <trip id="263" depart="263.00" from="827633788#9" to="-127531851"/>
    <trip id="264" depart="264.00" from="-116849238#1" to="-117144732#0"/>
    <trip id="265" depart="265.00" from="-116883217#2" to="127398796#0"/>
    <trip id="266" depart="266.00" from="116861036" to="-127531855"/>
    <trip id="267" depart="267.00" from="127531854" to="127531848"/>
    <trip id="268" depart="268.00" from="-118664922#1" to="117492067"/>
    <trip id="269" depart="269.00" from="127531857" to="-116883214"/>
    <trip id="270" depart="270.00" from="219727846#6" to="827633788#9"/>
    <trip id="271" depart="271.00" from="-116883214" to="-116849238#2"/>
    <trip id="272" depart="272.00" from="-219727735#2" to="127398796#1"/>
    <trip id="273" depart="273.00" from="838181543#0" to="116849237#4"/>
    <trip id="274" depart="274.00" from="127531854" to="-116849250#1"/>
    <trip id="275" depart="275.00" from="127531854" to="118664922#1"/>
    <trip id="276" depart="276.00" from="-116861024#1" to="127531848"/>
    <trip id="277" depart="277.00" from="330740969" to="116883222"/>
    <trip id="278" depart="278.00" from="-116883217#1" to="883737129"/>
    <trip id="279" depart="279.00" from="128439374" to="-95038716"/>
    <trip id="280" depart="280.00" from="116849238#1" to="116849234#0"/>
    <trip id="281" depart="281.00" from="116849247#1" to="-883737128"/>
    <trip id="282" depart="282.00" from="330740969" to="220724305"/>
    <trip id="283" depart="283.00" from="-116883214" to="827633788#8"/>
    <trip id="284" depart="284.00" from="117492067" to="330740969"/>
    <trip id="285" depart="285.00" from="127531854" to="116849240#0"/>
    <trip id="286" depart="286.00" from="127531855" to="827633788#9"/>
    <trip id="287" depart="287.00" from="-127398803" to="219727846#3"/>
    <trip id="288" depart="288.00" from="116849250#3" to="116849247#1"/>
    <trip id="289" depart="289.00" from="116849238#2" to="127398804"/>
    <trip id="290" depart="290.00" from="-127398803" to="333288210#5"/>
    <trip id="291" depart="291.00" from="316316852#1" to="-116849250#6"/>
    <trip id="292" depart="292.00" from="333288676#0" to="-127531857"/>
    <trip id="293" depart="293.00" from="116849240#2" to="118664922#0"/>
    <trip id="294" depart="294.00" from="-883737128" to="-116849238#2"/>
    <trip id="295" depart="295.00" from="333288209#0" to="-127398796#2"/>
    <trip id="296" depart="296.00" from="-127390424#1" to="219727735#2"/>
    <trip id="297" depart="297.00" from="-333288209#0" to="333288675"/>
    <trip id="298" depart="298.00" from="127531854" to="-219727735#2"/>
    <trip id="299" depart="299.00" from="-116849237#4" to="334331687"/>
</routes>
